Repetition rate,exeTime
1,0.7
2,0.79999
3,0.79999
4,0.75
5,0.75003
11,0.75
12,0.75
13,0.64999
14,0.70004
15,0.65002
