Repetition rate,exeTime
1,0.75
2,0.75
3,0.69998
4,0.75
5,0.75
2,0.75
4,0.75
6,0.69995
8,0.75003
10,0.75
