Repetition rate,exeTime[s]
1,0.072013
2,0.069
3,0.068944
4,0.071961
