Repetition rate,Coppelia_simTime[s]
1,0.65
2,0.55
3,0.54999
4,0.54999
5,0.55
6,0.55
7,0.55
