Repetition rate,exeTime[s]
1,0.047201
2,0.047017
3,0.04636
4,0.047045
