Repetition rate,exeTime[s]
1,0.070998
2,0.076992
3,0.070021
4,0.068983
5,0.07002
6,0.070927
