Repetition rate,Coppelia_simTime[s]
1,0.5
2,0.5
3,0.60001
4,0.45
5,0.55002
6,0.54999
7,0.5
8,0.49997
