Repetition rate,exeTime[s]
1,2.5514
2,0.72369
3,0.70615
4,0.74595
5,0.78584
6,0.73961
7,0.71478
8,0.72665
