Repetition rate,exeTime[s]
1,0.048518
2,0.047146
3,0.047985
4,0.048037
5,0.054309
6,0.047978
7,0.054129
8,0.047014
