Repetition rate,exeTime[s]
1,2.6243
2,0.74305
3,0.77079
4,0.77822
5,0.74368
6,0.72484
