Repetition rate,exeTime
1,0.75
2,0.70001
3,0.70001
4,0.64999
5,0.7
6,0.75
7,0.70001
8,0.7
9,0.75
10,0.64999
