Repetition rate,Coppelia_simTime[s]
1,0.85
2,0.9
3,0.7
4,0.89999
5,0.74997
6,0.89996
