Repetition rate,exeTime[s]
1,2.8822
2,0.76314
3,0.70777
4,0.70483
5,0.77993
