Repetition rate,Coppelia_simTime[s]
1,0.5
2,0.45
3,0.45
4,0.39999
5,0.44998
6,0.44998
