Repetition rate,exeTime
1,0.60001
2,0.60001
3,0.44998
